--DATA
USE StoreManagement
GO
--Employee
INSERT INTO [Employee] VALUES('manager1','Nguyen Huynh Thanh Toan','08/18/2002','Male','0703679239','Thu Duc City','Manager',8000000,'')
INSERT INTO [Employee] VALUES('manager2','Le Y Thien','02/22/2002','Male','0395817795','Thu Duc City','Manager',8000000,'')
INSERT INTO [Employee] VALUES('manager3','Bui Ngoc Anh','01/07/2002','Female','0522971778','District 9','Manager',8000000,'')
INSERT INTO [Employee] VALUES('employee1','Nguyen Nhat Nam','11/24/2002','Male','0123456789','Thu Duc City','Employee',4500000,'')
INSERT INTO [Employee] VALUES('employee2','Ta Hoai Nam','11/20/2002','Male','0703679243','Thu Duc City','Employee',4500000,'')
INSERT INTO [Employee] VALUES('employee3','Nguyen Hoang Nhan','11/21/2002','Male','0703679244','Thu Duc City','Employee',4500000,'')
INSERT INTO [Employee] VALUES('employee4','Vu Trong Nhan','11/22/2002','Male','0703679245','District 10','Employee',4500000,'')
INSERT INTO [Employee] VALUES('employee5','Quach Thi Mai Anh','07/17/2002','Female','0703679246','Thu Duc City','Employee',4500000,'')
INSERT INTO [Employee] VALUES('employee6','Ngo Tien Tu','08/17/2002','Male','0703679247','Thu Duc City','Employee',4500000,'')
INSERT INTO [Employee] VALUES('employee7','Phi Dinh Nguyen','01/16/2001','Male','0703679248','District 8','Employee',4500000,'')
INSERT INTO [Employee] VALUES('employee8','Le Tan Loc','02/21/2002','Male','0703679249','Thu Duc City','Employee',4500000,'')
INSERT INTO [Employee] VALUES('employee9','Le Phuc Hau','03/15/2002','Male','0703679222','Thu Duc City','Employee',4500000,'')
INSERT INTO [Employee] VALUES('employee10','Nguyen Nhu Tu','02/17/2002','Male','0703679224','District Tan Phu','Employee',4500000,'')
GO
--Type
INSERT INTO [Type] VALUES('GG','General Goods')
INSERT INTO [Type] VALUES('CM','Cosmetics')
INSERT INTO [Type] VALUES('DF','Dry Food')
INSERT INTO [Type] VALUES('CF','Confectionery')
INSERT INTO [Type] VALUES('BW','Beer-Wine Fruit')
GO
--Manuafacture
INSERT INTO [Manuafacture] VALUES('M01','Acecook')
INSERT INTO [Manuafacture] VALUES('M02','Cai Lan Oils')
INSERT INTO [Manuafacture] VALUES('M03','Vissan')
INSERT INTO [Manuafacture] VALUES('M04','Urc')
INSERT INTO [Manuafacture] VALUES('M05','Minh Phu')
INSERT INTO [Manuafacture] VALUES('M06','Vinamilk')
INSERT INTO [Manuafacture] VALUES('M07','Thanh Cong')
INSERT INTO [Manuafacture] VALUES('M08','SSL international')
INSERT INTO [Manuafacture] VALUES('M09','Quynh Anh')
INSERT INTO [Manuafacture] VALUES('M10','Kim Lan')
INSERT INTO [Manuafacture] VALUES('M11','CoCa')
INSERT INTO [Manuafacture] VALUES('M12','Omo')
GO
--Product
INSERT INTO [Product] VALUES('GG1','Omo detergent',38000,'GG','packet','')
INSERT INTO [Product] VALUES('GG2','Tide detergent',42000,'GG','packet','')
INSERT INTO [Product] VALUES('GG3','Aba detergent',36000,'GG','packet','')
INSERT INTO [Product] VALUES('GG4','Surf detergent',32000,'GG','packet','')
INSERT INTO [Product] VALUES('GG5','Ariel laundry detergent',40000,'GG','packet','')
INSERT INTO [Product] VALUES('GG6','Lix dishwashing liquid',25000,'GG','bottle','')
INSERT INTO [Product] VALUES('GG7','Sunlight dishwashing liquid',26000,'GG','bottle','')
INSERT INTO [Product] VALUES('GG8','My Hao dishwashing liquid',28000,'GG','bottle','')
INSERT INTO [Product] VALUES('GG9','Raid mosquito spray',41000,'GG','bottle','')
INSERT INTO [Product] VALUES('GG10','Vim cleans the toilet',25000,'GG','bottle','')
INSERT INTO [Product] VALUES('GG11','Pulppy napkins',14000,'GG','box','')
INSERT INTO [Product] VALUES('CM1','Diana sensei',20000,'CM','packet','')
INSERT INTO [Product] VALUES('CM2','Kotex',20000,'CM','packet','')
INSERT INTO [Product] VALUES('CM3','Durex Invisible condom',89000,'CM','box','')
INSERT INTO [Product] VALUES('CM4','Dove shampoo',89000,'CM','box','')
INSERT INTO [Product] VALUES('CM5','PS toothpaste',12000,'CM','box','')
INSERT INTO [Product] VALUES('CM6','Listerine Mouthwash',60000,'CM','bottle','')
INSERT INTO [Product] VALUES('DF1','Hao Hao instant noodles',4000,'DF','packet','')
INSERT INTO [Product] VALUES('DF2','Cholimex tomato sauce',17000,'DF','bottle','')
INSERT INTO [Product] VALUES('DF3','Cholimex chilli sauce',17000,'DF','bottle','')
INSERT INTO [Product] VALUES('DF4','Tuong Phat cooking oil',50000,'DF','bottle','')
INSERT INTO [Product] VALUES('DF5','Ong Tho milk can',33000,'DF','bottle','')
INSERT INTO [Product] VALUES('DF6','Lipton ice tea ',35000,'DF','bottle','')
INSERT INTO [Product] VALUES('CF1','Milo socola',8000,'CF','bar','')
INSERT INTO [Product] VALUES('CF2','MM socola',36000,'CF','packet','')
INSERT INTO [Product] VALUES('CF3','Chupa Chups mashmallow',10000,'CF','packet','')
INSERT INTO [Product] VALUES('CF4','Oishi Crab Snack',6000,'CF','packet','')
INSERT INTO [Product] VALUES('CF5','Oishi Tomato Snack',6000,'CF','packet','')
INSERT INTO [Product] VALUES('CF6','Oishi Onion Snack',6000,'CF','packet','')
INSERT INTO [Product] VALUES('BW1','Tiger beer',17000,'BW','can','')
INSERT INTO [Product] VALUES('BW2','333 beer',17000,'BW','can','')
INSERT INTO [Product] VALUES('BW3','Soju',60000,'BW','bottle','')
INSERT INTO [Product] VALUES('BW4','Volka',60000,'BW','bottle','')
INSERT INTO [Product] VALUES('BW5','Strongbow',60000,'BW','bottle','')
INSERT INTO [Product] VALUES('BW6','Pepsi',10000,'BW','bottle','')
INSERT INTO [Product] VALUES('BW7','Sting',10000,'BW','bottle','')
GO
--Customer
INSERT INTO [Customer] VALUES('200','Le Y Thien',10000,'0395817795')
INSERT INTO [Customer] VALUES('201','Nguyen Huynh Thanh Toan',16000,'0395817705')
INSERT INTO [Customer] VALUES('202','Nguyen Minh Nhat',30000,'0395817710')
INSERT INTO [Customer] VALUES('203','Bui Ngoc Anh',51000,'0395817715')
INSERT INTO [Customer] VALUES('204','Nguyen Hoang Nhan',50000,'0395817720')
INSERT INTO [Customer] VALUES('205','Ta Hoai Nam',20000,'0395817725')
INSERT INTO [Customer] VALUES('206','Nguyen Hoang Nhat Nam',25000,'0395817730')
INSERT INTO [Customer] VALUES('207','Vu Trong Nhan',35000,'0395817735')
INSERT INTO [Customer] VALUES('208','Le Hoang Lam',40000,'0395817740')
INSERT INTO [Customer] VALUES('209','Dao Tan Hao',60000,'0395817745')
INSERT INTO [Customer] VALUES('210','Le Tan Loc',20000,'0395817750')
INSERT INTO [Customer] VALUES('211','Cao Thi Nhu Quynh',100000,'0395817755')
INSERT INTO [Customer] VALUES('212','Ngo Tien Tu',55000,'0395817760')
INSERT INTO [Customer] VALUES('213','Nguyen My Duyen',65000,'0395817765')
INSERT INTO [Customer] VALUES('214','Tran Cong Thanh',70000,'0395817770')
INSERT INTO [Customer] VALUES('215','Le Tan Cong',75000,'0395817775')
INSERT INTO [Customer] VALUES('216','Nguyen Van Thanh',80000,'0395817780')
GO
--Stock
INSERT INTO [Stock] VALUES('B01','6/18/2021',10)
INSERT INTO [Stock] VALUES('B02','8/19/2021',15)
INSERT INTO [Stock] VALUES('B03','12/1/2021',12)
INSERT INTO [Stock] VALUES('B04','2/2/2022',14)
INSERT INTO [Stock] VALUES('B05','3/23/2022',18)
INSERT INTO [Stock] VALUES('B06','4/15/2022',20)
INSERT INTO [Stock] VALUES('B07','5/5/2022',22)
GO
--Invoice
--INSERT INTO [Invoice] VALUES('1','employee3','200','2/10/2022',10000)
--INSERT INTO [Invoice] VALUES('2','employee7','201','3/15/2022',16000)
--INSERT INTO [Invoice] VALUES('4','employee9','203','5/8/2021',51000)
--INSERT INTO [Invoice] VALUES('5','employee10','204','10/9/2021',25000)
--INSERT INTO [Invoice] VALUES('6','employee4','204','10/10/2021',25000)
--INSERT INTO [Invoice] VALUES('9','employee5','211','1/2/2022',12000)
--INSERT INTO [Invoice] VALUES('10','employee9','211','3/2/2022',10000)
--INSERT INTO [Invoice] VALUES('11','employee9','211','3/4/2022',50000)
--INSERT INTO [Invoice] VALUES('12','employee3','213','2/22/2022',12000)
--INSERT INTO [Invoice] VALUES('13','employee1','213','2/23/2022',41000)
--INSERT INTO [Invoice] VALUES('14','employee2','213','4/1/2022',12000)
GO
--Detail
INSERT INTO [Detail] VALUES('1','BW7',1,10000)
INSERT INTO [Detail] VALUES('2','CF1',2,8000)
INSERT INTO [Detail] VALUES('4','DF2',3,17000)
INSERT INTO [Detail] VALUES('5','GG6',1,25000)
INSERT INTO [Detail] VALUES('6','GG6',1,25000)
INSERT INTO [Detail] VALUES('9','DF1',3,4000)
INSERT INTO [Detail] VALUES('10','CF3',1,10000)
INSERT INTO [Detail] VALUES('11','DF4',1,50000)
INSERT INTO [Detail] VALUES('12','CF5',2,6000)
INSERT INTO [Detail] VALUES('13','GG9',1,41000)
INSERT INTO [Detail] VALUES('14','CM5',1,12000)
GO
--Supply
INSERT INTO [Supply] VALUES('GG1','B01','M12')
INSERT INTO [Supply] VALUES('GG2','B01','M12')
INSERT INTO [Supply] VALUES('GG3','B02','M12')
INSERT INTO [Supply] VALUES('GG4','B04','M12')
INSERT INTO [Supply] VALUES('GG5','B03','M10')
INSERT INTO [Supply] VALUES('GG6','B05','M05')
INSERT INTO [Supply] VALUES('GG7','B01','M07')
INSERT INTO [Supply] VALUES('GG8','B03','M12')
INSERT INTO [Supply] VALUES('GG9','B06','M04')
INSERT INTO [Supply] VALUES('GG10','B05','M04')
INSERT INTO [Supply] VALUES('GG11','B02','M04')
INSERT INTO [Supply] VALUES('CM1','B03','M08')
INSERT INTO [Supply] VALUES('CM2','B07','M08')
INSERT INTO [Supply] VALUES('CM3','B02','M08')
INSERT INTO [Supply] VALUES('CM4','B05','M09')
INSERT INTO [Supply] VALUES('CM5','B06','M09')
INSERT INTO [Supply] VALUES('CM6','B04','M07')
INSERT INTO [Supply] VALUES('DF1','B02','M02')
INSERT INTO [Supply] VALUES('DF2','B01','M02')
INSERT INTO [Supply] VALUES('DF3','B05','M04')
INSERT INTO [Supply] VALUES('DF4','B06','M02')
INSERT INTO [Supply] VALUES('DF5','B06','M06')
INSERT INTO [Supply] VALUES('DF6','B04','M06')
INSERT INTO [Supply] VALUES('CF1','B02','M03')
INSERT INTO [Supply] VALUES('CF2','B03','M05')
INSERT INTO [Supply] VALUES('CF3','B07','M09')
INSERT INTO [Supply] VALUES('CF4','B05','M05')
INSERT INTO [Supply] VALUES('CF5','B07','M09')
INSERT INTO [Supply] VALUES('CF6','B02','M03')
INSERT INTO [Supply] VALUES('BW1','B05','M07')
INSERT INTO [Supply] VALUES('BW2','B06','M07')
INSERT INTO [Supply] VALUES('BW3','B01','M10')
INSERT INTO [Supply] VALUES('BW4','B01','M11')
INSERT INTO [Supply] VALUES('BW5','B04','M10')
INSERT INTO [Supply] VALUES('BW6','B06','M10')
INSERT INTO [Supply] VALUES('BW7','B07','M11')
GO